client_id,total_spent,avg_spent,transaction_count,recency,cluster,target
0,3795.65,41.25706521739131,92,49,0,1
1,3732.36,38.08530612244898,98,8,0,1
2,2604.6,27.13125,96,17,0,0
3,2271.11,44.53156862745098,51,26,0,0
4,5545.02,49.07097345132743,113,70,2,1
5,2078.58,51.9645,40,80,0,0
11,4641.41,49.90763440860215,93,27,1,1
13,1525.26,32.452340425531915,47,19,0,0
14,1358.5,30.875,44,4,0,0
16,2868.62,58.54326530612245,49,3,1,0
17,5036.2300000000005,36.49442028985508,138,7,2,1
19,397.87,14.735925925925926,27,26,0,0
20,1237.96,18.756969696969698,66,24,0,0
21,2080.6,27.376315789473683,76,47,0,0
24,2291.73,34.20492537313433,67,14,0,0
27,2755.52,36.25684210526316,76,127,0,0
28,1980.17,41.25354166666667,48,72,0,0
32,2057.53,38.10240740740741,54,19,0,0
33,2956.37,44.793484848484844,66,8,0,0
34,5664.5,48.831896551724135,116,2,2,1
37,3690.35,30.00284552845529,123,44,0,1
38,4058.72,37.58074074074074,108,8,0,1
39,6679.22,64.84679611650486,103,45,1,1
40,881.13,17.277058823529412,51,42,0,0
42,1196.4,18.69375,64,17,0,0
44,2357.38,40.64448275862069,58,23,0,0
45,657.68,12.179259259259258,54,28,0,0
46,2376.83,33.01152777777778,72,23,0,0
47,2985.65,31.427894736842106,95,8,0,1
48,1553.62,25.469180327868852,61,14,0,0
50,3516.0,61.68421052631579,57,97,1,1
51,2357.93,35.19298507462686,67,7,0,0
52,12342.7,74.80424242424243,165,19,2,1
53,5951.39,34.00794285714286,175,30,2,1
55,2040.74,18.55218181818182,110,14,0,0
57,4505.75,53.63988095238095,84,7,1,1
58,2582.77,54.952553191489365,47,32,0,0
59,2092.73,25.52109756097561,82,46,0,0
60,4249.7,56.66266666666667,75,7,1,1
61,7709.23,77.0923,100,64,1,1
62,3412.98,38.34808988764045,89,7,0,1
63,2985.16,25.297966101694914,118,27,0,1
64,5574.01,84.45469696969697,66,20,1,1
65,2859.0,40.267605633802816,71,63,0,0
68,5202.93,56.55358695652174,92,13,1,1
69,1485.57,19.04576923076923,78,45,0,0
73,3113.75,61.05392156862745,51,3,1,1
74,1935.83,53.77305555555555,36,6,0,0
75,3703.73,48.10038961038961,77,28,0,1
77,6416.16,66.1459793814433,97,40,1,1
78,1898.18,18.60960784313725,102,14,0,0
79,1840.98,36.8196,50,120,0,0
80,1897.82,33.88964285714285,56,3,0,0
81,4786.77,37.9902380952381,126,12,2,1
84,2592.02,23.35153153153153,111,18,0,0
86,88.26,17.652,5,0,0,0
87,1813.66,26.67147058823529,68,15,0,0
89,2509.22,23.89733333333333,105,24,0,0
90,5315.59,60.40443181818182,88,3,1,1
92,2660.36,29.891685393258427,89,77,0,0
94,2835.17,31.50188888888889,90,5,0,0
96,18603.18,65.04608391608392,286,1,2,1
98,4912.21,32.96785234899329,149,18,2,1
100,2728.77,49.614,55,17,0,0
103,3406.84,79.22883720930233,43,47,1,1
104,2110.51,40.586730769230776,52,18,0,0
106,1536.64,15.841649484536084,97,1,0,0
107,1085.74,43.4296,25,352,0,0
110,3425.5,114.18333333333334,30,0,1,1
112,6957.89,30.383799126637555,229,5,2,1
113,2648.22,98.0822222222222,27,80,1,0
114,7612.03,25.03957236842105,304,5,2,1
115,4851.82,74.6433846153846,65,44,1,1
116,2360.26,56.19666666666667,42,14,0,0
118,3402.78,73.97347826086957,46,40,1,1
119,3437.98,67.4113725490196,51,24,1,1
120,3902.71,105.47864864864864,37,109,1,1
121,4736.49,53.82375,88,28,1,1
122,4133.77,52.32620253164558,79,10,1,1
123,1562.38,22.643188405797105,69,17,0,0
124,1243.29,21.812105263157893,57,9,0,0
125,2544.49,56.544222222222224,45,32,1,0
126,1631.48,14.698018018018018,111,7,0,0
127,4771.77,60.40215189873418,79,8,1,1
128,2972.64,37.628354430379744,79,1,0,0
132,137.95,4.598333333333333,30,6,0,0
133,3410.43,55.00693548387097,62,20,1,1
134,2220.81,79.31464285714286,28,25,1,0
135,4092.66,40.52138613861386,101,16,0,1
137,7074.97,56.59976,125,3,2,1
138,2991.62,42.73742857142857,70,6,0,1
140,2473.08,29.796144578313253,83,20,0,0
141,2548.49,27.40311827956989,93,102,0,0
142,5603.03,58.979263157894735,95,1,1,1
144,3506.64,37.7058064516129,93,3,0,1
145,972.15,18.002777777777776,54,0,0,0
146,2891.81,55.61173076923077,52,8,1,0
147,2840.0,57.95918367346939,49,15,1,0
148,2158.43,28.400394736842102,76,15,0,0
149,229.87,45.974,5,0,0,0
150,4298.87,53.735875,80,85,1,1
152,7641.0,115.77272727272728,66,42,1,1
153,1412.28,44.13375,32,15,0,0
154,4968.17,30.858198757763976,161,13,2,1
155,1326.21,21.741147540983608,61,0,0,0
156,2710.31,26.06067307692308,104,20,0,0
157,3744.48,43.04,87,14,0,1
160,984.3,46.87142857142857,21,49,0,0
161,2825.05,32.10284090909091,88,9,0,0
162,4381.68,64.4364705882353,68,33,1,1
164,2331.98,33.7968115942029,69,43,0,0
165,8404.63,78.54794392523364,107,51,1,1
169,1283.79,23.34163636363636,55,17,0,0
170,2687.18,53.7436,50,51,0,0
171,8724.77,57.77993377483444,151,2,2,1
172,2197.44,51.10325581395349,43,8,0,0
173,2579.66,40.94698412698413,63,33,0,0
176,3648.98,40.544222222222224,90,46,0,1
177,6010.75,78.06168831168831,77,1,1,1
178,2785.77,36.65486842105263,76,44,0,0
180,740.38,20.01027027027027,37,20,0,0
184,1877.15,42.6625,44,27,0,0
185,3471.47,36.54178947368421,95,6,0,1
190,7302.32,51.06517482517482,143,18,2,1
194,2768.05,23.067083333333336,120,25,0,0
196,1350.64,40.92848484848485,33,3,0,0
197,3916.46,37.65826923076923,104,14,0,1
198,2368.58,64.01567567567568,37,10,1,0
199,3316.98,41.98708860759493,79,73,0,1
200,2101.89,30.027,70,82,0,0
201,2085.79,61.34676470588235,34,209,1,0
203,1790.76,39.79466666666666,45,116,0,0
205,2457.61,39.009682539682544,63,49,0,0
206,1426.58,47.55266666666667,30,158,0,0
207,1809.59,53.22323529411764,34,49,0,0
208,8953.12,38.59103448275862,232,0,2,1
209,3200.31,27.82878260869565,115,10,0,1
211,1691.29,14.70686956521739,115,25,0,0
212,1450.86,24.181,60,30,0,0
213,5097.27,56.01395604395604,91,47,1,1
216,2203.1,50.07045454545455,44,192,0,0
217,3490.57,37.94097826086957,92,30,0,1
218,2235.08,31.929714285714283,70,1,0,0
219,324.56000000000006,6.761666666666668,48,65,0,0
220,2988.12,69.49116279069767,43,55,1,1
222,3317.02,118.465,28,253,1,1
225,3172.02,49.5628125,64,11,0,1
227,7255.77,87.4189156626506,83,55,1,1
229,3138.56,38.27512195121951,82,3,0,1
230,2045.52,36.527142857142856,56,13,0,0
231,3217.96,42.34157894736842,76,81,0,1
233,4475.73,91.34142857142857,49,2,1,1
234,3092.09,46.849848484848486,66,33,0,1
235,4235.8,52.29382716049383,81,14,1,1
236,6689.8,99.84776119402986,67,4,1,1
237,2051.6,85.48333333333333,24,15,1,0
240,1187.67,17.995,66,69,0,0
241,2410.33,30.510506329113923,79,8,0,0
242,1920.94,34.92618181818182,55,22,0,0
244,1311.43,31.98609756097561,41,9,0,0
246,3694.07,82.09044444444444,45,16,1,1
247,8741.58,75.35844827586207,116,36,2,1
248,1780.77,42.39928571428571,42,62,0,0
249,2351.16,43.54,54,23,0,0
250,3016.71,39.69355263157895,76,56,0,1
252,5282.29,45.93295652173913,115,21,2,1
254,7154.77,57.23816,125,2,2,1
256,3413.27,41.12373493975904,83,1,0,1
257,3057.23,48.52746031746032,63,56,0,1
260,1247.37,43.01275862068966,29,41,0,0
261,4933.29,55.430224719101126,89,32,1,1
264,1970.25,30.31153846153846,65,33,0,0
265,1984.03,29.17691176470588,68,46,0,0
267,1129.09,28.22725,40,96,0,0
273,2695.26,42.1134375,64,8,0,0
274,4381.1,56.167948717948725,78,0,1,1
275,7534.39,66.0911403508772,114,4,2,1
277,1621.72,20.528101265822784,79,38,0,0
278,7480.62,68.62954128440367,109,14,1,1
280,4739.39,56.421309523809526,84,5,1,1
282,502.97,9.6725,52,58,0,0
285,11524.96,44.67038759689922,258,18,2,1
286,1577.39,33.56148936170213,47,0,0,0
287,2502.18,32.923421052631575,76,68,0,0
291,5126.96,40.054375,128,8,2,1
293,2103.9500000000003,33.39603174603175,63,35,0,0
299,1451.48,65.97636363636364,22,41,1,0
300,3893.94,74.88346153846155,52,119,1,1
301,1595.28,22.156666666666663,72,18,0,0
303,8963.92,68.95323076923077,130,4,2,1
305,1485.71,23.21421875,64,5,0,0
311,1759.69,36.66020833333334,48,3,0,0
313,1903.05,37.31470588235294,51,33,0,0
315,1424.29,36.52025641025641,39,41,0,0
316,5850.72,75.98337662337663,77,16,1,1
317,1858.03,51.61194444444445,36,18,0,0
319,3205.26,60.47660377358491,53,50,1,1
320,2610.19,62.14738095238096,42,15,1,0
321,1599.21,27.105254237288136,59,34,0,0
322,1025.35,20.925510204081636,49,29,0,0
323,1554.32,12.048992248062016,129,9,0,0
327,6004.1,42.28239436619719,142,2,2,1
328,4154.18,67.00290322580646,62,42,1,1
329,3993.88,37.67811320754717,106,22,0,1
331,1328.28,37.95085714285714,35,56,0,0
332,2480.41,34.93535211267606,71,68,0,0
334,1575.12,41.45052631578947,38,17,0,0
335,4411.26,57.28909090909091,77,11,1,1
338,2470.76,53.71217391304347,46,20,0,0
343,1065.96,17.766000000000002,60,35,0,0
345,1461.57,41.759142857142855,35,65,0,0
346,3144.06,49.90571428571428,63,3,0,1
348,1552.07,64.66958333333334,24,257,1,0
349,1424.59,16.374597701149423,87,32,0,0
350,5704.099999999999,62.00108695652173,92,32,1,1
351,2533.18,35.183055555555555,72,27,0,0
354,2463.58,30.043658536585365,82,1,0,0
356,4829.26,34.49471428571429,140,15,2,1
357,3037.32,43.39028571428571,70,21,0,1
359,2362.26,38.725573770491806,61,107,0,0
360,2938.36,26.003185840707967,113,40,0,0
361,2301.42,39.6796551724138,58,0,0,0
362,4315.11,57.5348,75,5,1,1
363,6142.61,62.04656565656565,99,31,1,1
364,4883.8,49.83469387755103,98,3,1,1
366,3072.19,26.9490350877193,114,18,0,1
368,5391.58,41.47369230769231,130,11,2,1
369,7148.39,76.86440860215055,93,53,1,1
370,2661.3,38.01857142857144,70,11,0,0
371,9177.7,73.42160000000001,125,20,2,1
373,2764.25,16.453869047619047,168,4,2,0
374,1769.27,29.48783333333333,60,145,0,0
375,1295.03,21.94966101694915,59,62,0,0
376,5903.2,42.16571428571429,140,2,2,1
377,5661.32,50.10017699115044,113,23,2,1
379,4214.47,21.61266666666667,195,17,2,1
380,2402.64,30.033,80,10,0,0
383,2532.78,42.92847457627119,59,92,0,0
385,2058.15,30.266911764705885,68,5,0,0
386,6223.91,52.30176470588235,119,40,2,1
387,1222.13,16.295066666666663,75,113,0,0
391,2136.77,53.41925,40,125,0,0
393,1509.52,35.10511627906977,43,23,0,0
394,6340.7300000000005,41.99158940397352,151,20,2,1
395,1864.59,30.07403225806452,62,22,0,0
397,1640.15,21.86866666666667,75,3,0,0
398,2714.24,57.74978723404255,47,1,1,0
400,1286.46,23.39018181818182,55,26,0,0
401,1871.59,17.170550458715596,109,6,0,0
402,5353.73,51.97796116504854,103,5,1,1
403,2166.55,57.01447368421053,38,0,0,0
408,9075.66,60.5044,150,36,2,1
410,1280.64,42.688,30,428,0,0
414,6871.19,102.55507462686566,67,34,1,1
415,1420.85,24.927192982456138,57,54,0,0
416,2430.06,30.37575,80,29,0,0
419,1432.11,18.127974683544306,79,20,0,0
421,5317.1,34.75228758169935,153,0,2,1
425,6463.94,45.20237762237762,143,3,2,1
427,1088.95,25.324418604651164,43,16,0,0
428,4518.13,55.09914634146342,82,21,1,1
430,8765.22,52.802530120481926,166,3,2,1
432,3998.11,58.79573529411765,68,16,1,1
433,2788.9,33.60120481927711,83,17,0,0
434,3983.01,62.23453125,64,40,1,1
437,4700.79,64.39438356164383,73,108,1,1
438,1571.11,32.0634693877551,49,72,0,0
441,2668.4,45.2271186440678,59,17,0,0
442,3764.57,41.3689010989011,91,39,0,1
447,990.66,19.424705882352946,51,21,0,0
449,2180.52,35.16967741935484,62,23,0,0
450,2327.66,36.3696875,64,19,0,0
451,2391.8,46.89803921568628,51,34,0,0
452,5574.32,53.599230769230765,104,25,1,1
455,3327.55,87.5671052631579,38,2,1,1
456,3285.09,34.2196875,96,3,0,1
457,5721.3,79.4625,72,48,1,1
458,2591.83,99.68576923076922,26,3,1,0
459,2914.5,57.14705882352941,51,29,1,0
460,3239.39,36.3976404494382,89,106,0,1
461,6000.43,35.29664705882353,170,11,2,1
462,2730.57,31.75081395348837,86,2,0,0
464,17201.69,71.97359832635983,239,4,2,1
465,1228.34,26.703043478260867,46,76,0,0
467,2567.55,32.094375,80,2,0,0
468,2538.57,47.897547169811325,53,24,0,0
469,5800.01,69.0477380952381,84,14,1,1
470,4008.84,55.678333333333335,72,3,1,1
472,3870.17,26.508013698630137,146,5,2,1
473,1081.03,28.44815789473684,38,42,0,0
474,6582.58,44.47689189189189,148,0,2,1
476,5436.79,40.57305970149254,134,2,2,1
477,4354.0,55.82051282051282,78,33,1,1
478,3940.06,62.54063492063492,63,4,1,1
479,3530.12,42.53156626506024,83,32,0,1
480,3234.93,44.314109589041095,73,70,0,1
483,1670.29,45.14297297297297,37,15,0,0
487,5961.84,58.449411764705886,102,13,1,1
488,11823.75,64.96565934065934,182,4,2,1
489,2055.68,45.681777777777775,45,79,0,0
490,12368.35,74.50813253012048,166,5,2,1
491,1500.5,45.46969696969697,33,28,0,0
494,2524.95,45.08839285714286,56,27,0,0
496,562.85,13.728048780487804,41,133,0,0
497,2989.73,40.95520547945205,73,13,0,1
502,5253.48,29.349050279329607,179,3,2,1
503,1581.69,19.771125,80,0,0,0
506,4657.31,45.65990196078432,102,7,1,1
509,3083.47,34.260777777777776,90,6,0,1
511,8543.9,46.6879781420765,183,37,2,1
514,3141.42,40.27461538461539,78,66,0,1
515,905.83,12.940428571428573,70,16,0,0
517,1170.92,25.454782608695652,46,22,0,0
519,2171.11,32.89560606060606,66,35,0,0
520,3563.27,52.4010294117647,68,62,1,1
523,2860.17,75.26763157894737,38,20,1,0
524,1230.87,28.62488372093023,43,79,0,0
525,2816.73,37.5564,75,29,0,0
526,6059.57,50.920756302521006,119,15,2,1
528,1549.65,25.8275,60,21,0,0
530,2214.42,24.88112359550562,89,5,0,0
534,3435.0,41.89024390243903,82,38,0,1
538,2004.69,26.3775,76,12,0,0
542,1729.3,26.604615384615386,65,66,0,0
543,3211.92,38.23714285714286,84,0,0,1
545,2363.78,38.75049180327869,61,29,0,0
546,3570.98,54.938153846153845,65,32,1,1
547,784.87,20.65447368421053,38,5,0,0
549,5647.17,120.15255319148936,47,90,1,1
550,5573.99,49.32734513274336,113,1,2,1
552,4741.61,39.18685950413223,121,3,2,1
554,4309.78,50.11372093023255,86,84,1,1
556,3289.26,23.835217391304347,138,0,0,1
557,5455.39,36.36926666666667,150,4,2,1
561,2697.12,36.94684931506849,73,70,0,0
563,4102.76,39.07390476190477,105,9,0,1
564,3724.78,42.8135632183908,87,5,0,1
565,5567.38,57.993541666666665,96,94,1,1
566,4399.53,32.83231343283582,134,86,2,1
570,2214.61,33.053880597014924,67,8,0,0
571,2754.64,25.74429906542056,107,56,0,0
573,1327.8,12.89126213592233,103,46,0,0
575,2427.22,37.9253125,64,31,0,0
576,3486.61,52.82742424242424,66,7,1,1
577,2064.14,25.172439024390243,82,25,0,0
580,4845.6,39.718032786885246,122,17,2,1
581,2198.69,32.33367647058824,68,108,0,0
582,1799.65,56.2390625,32,29,0,0
583,1195.01,31.44763157894737,38,5,0,0
584,1736.57,26.716461538461537,65,48,0,0
585,3246.05,34.16894736842105,95,23,0,1
586,1356.43,29.48760869565217,46,26,0,0
589,1151.0,35.96875,32,8,0,0
592,3467.71,23.915241379310345,145,30,2,1
595,1918.05,43.592045454545456,44,18,0,0
596,185.39,37.078,5,17,0,0
597,6443.55,52.38658536585366,123,9,2,1
598,7828.05,40.55984455958549,193,3,2,1
601,1343.76,23.99571428571429,56,14,0,0
602,4576.53,40.50026548672566,113,34,2,1
604,3673.48,59.24967741935484,62,7,1,1
605,3264.0,25.700787401574804,127,3,0,1
608,1019.38,25.4845,40,112,0,0
609,2990.54,46.00830769230769,65,26,0,1
613,2659.56,28.2931914893617,94,15,0,0
614,2475.24,25.78375,96,3,0,0
615,4571.84,55.75414634146342,82,3,1,1
618,684.1899999999999,18.005,38,58,0,0
619,2661.68,45.11322033898305,59,115,0,0
621,1599.9,36.36136363636364,44,1,0,0
623,2261.93,56.54825,40,35,0,0
628,2318.5,50.40217391304348,46,56,0,0
629,6944.59,93.84581081081082,74,97,1,1
630,11640.72,78.12563758389261,149,2,2,1
631,2275.03,40.62553571428572,56,11,0,0
633,2445.76,67.93777777777778,36,48,1,0
634,3824.08,51.67675675675675,74,0,1,1
636,1686.27,37.47266666666667,45,77,0,0
637,7432.55,64.6308695652174,115,27,2,1
638,3463.63,101.8714705882353,34,89,1,1
639,4718.04,30.243846153846157,156,24,2,1
641,5666.51,32.38005714285715,175,2,2,1
642,1826.05,44.53780487804878,41,55,0,0
643,1999.66,23.805476190476192,84,18,0,0
644,2134.34,56.16684210526317,38,47,0,0
646,2821.33,42.747424242424245,66,0,0,0
647,790.54,22.58685714285714,35,14,0,0
648,768.71,12.01109375,64,14,0,0
649,4510.29,54.340843373493975,83,35,1,1
650,1815.59,45.38975,40,31,0,0
652,2058.51,19.238411214953278,107,13,0,0
655,2985.69,27.903644859813085,107,7,0,1
657,3264.76,56.28896551724138,58,130,1,1
658,3673.7,40.818888888888885,90,0,0,1
659,3348.74,33.155841584158416,101,20,0,1
660,1928.1,38.562,50,56,0,0
661,138.37,8.139411764705883,17,27,0,0
662,5598.14,51.83462962962963,108,3,2,1
663,3752.49,37.15336633663367,101,6,0,1
665,4876.9,43.15840707964601,113,9,2,1
667,4159.78,39.99788461538461,104,3,0,1
668,3057.96,25.91491525423729,118,7,0,1
669,2671.76,31.066976744186043,86,6,0,0
671,3041.01,63.354375000000005,48,76,1,1
672,2958.01,24.65008333333333,120,35,0,0
674,2869.54,25.17140350877193,114,9,0,0
675,1750.3,34.319607843137256,51,20,0,0
676,4098.21,35.32939655172414,116,6,0,1
677,3341.82,57.61758620689656,58,52,1,1
678,1804.21,29.100161290322585,62,12,0,0
679,1231.77,22.395818181818186,55,74,0,0
683,1505.75,23.16538461538461,65,10,0,0
684,1655.59,33.787551020408166,49,68,0,0
688,3371.92,41.1209756097561,82,15,0,1
692,2592.81,36.01125,72,8,0,0
696,5901.26,68.6193023255814,86,0,1,1
697,2905.16,76.45157894736842,38,66,1,0
699,1217.25,14.491071428571429,84,60,0,0
702,6951.33,70.9319387755102,98,23,1,1
704,8980.85,64.14892857142857,140,0,2,1
705,7921.06,56.177730496453904,141,29,2,1
706,2650.57,60.24022727272728,44,10,1,0
708,9075.47,129.64957142857142,70,27,1,1
709,1254.72,32.17230769230769,39,14,0,0
711,6775.29,71.31884210526316,95,6,1,1
712,2015.0,32.5,62,21,0,0
714,2469.33,34.779295774647885,71,37,0,0
716,3399.88,36.5578494623656,93,5,0,1
719,3391.21,38.10348314606742,89,40,0,1
720,701.85,30.51521739130435,23,154,0,0
721,1948.06,21.888314606741574,89,25,0,0
723,1600.45,21.923972602739727,73,35,0,0
724,2449.25,42.969298245614034,57,20,0,0
726,1208.88,15.906315789473682,76,108,0,0
727,2181.64,25.367906976744184,86,76,0,0
728,2195.45,43.04803921568627,51,9,0,0
729,3106.57,40.87592105263158,76,7,0,1
731,1077.31,76.95071428571428,14,252,1,0
732,2197.8,41.46792452830189,53,55,0,0
733,9006.4,74.43305785123967,121,0,2,1
734,1212.62,12.900212765957445,94,16,0,0
737,7009.0,59.398305084745765,118,4,2,1
738,5390.13,55.56835051546392,97,35,1,1
742,3016.24,38.66974358974359,78,29,0,1
743,2226.68,51.78325581395348,43,17,0,0
744,2434.73,32.46306666666667,75,19,0,0
746,3012.42,31.70968421052632,95,10,0,1
747,1574.5,19.68125,80,15,0,0
748,712.42,15.831555555555555,45,4,0,0
750,2169.29,47.158478260869565,46,20,0,0
751,2905.9,44.706153846153846,65,11,0,0
752,6441.400000000001,107.35666666666668,60,2,1,1
753,1238.47,39.950645161290325,31,230,0,0
754,5824.4,51.09122807017543,114,51,2,1
755,1554.75,40.91447368421053,38,11,0,0
756,2579.81,64.49525,40,22,1,0
757,3404.3,44.21168831168831,77,85,0,1
758,1336.63,12.85221153846154,104,10,0,0
759,2308.48,42.74962962962963,54,5,0,0
760,3302.73,30.024818181818183,110,43,0,1
762,4009.41,45.04955056179775,89,4,0,1
763,7314.2,81.26888888888888,90,1,1,1
764,3036.82,54.228928571428575,56,2,1,1
771,1229.42,31.523589743589746,39,43,0,0
772,1324.09,30.792790697674416,43,4,0,0
773,2168.35,26.76975308641975,81,1,0,0
774,1298.27,24.04203703703704,54,18,0,0
776,6067.63,85.45957746478874,71,26,1,1
779,7023.28,52.41253731343284,134,11,2,1
780,1495.88,33.24177777777778,45,7,0,0
782,5633.71,38.853172413793104,145,4,2,1
783,1086.83,23.626739130434785,46,13,0,0
789,3990.48,70.00842105263158,57,37,1,1
790,3501.32,36.47208333333334,96,5,0,1
791,1309.46,45.15379310344828,29,43,0,0
793,1404.52,28.66367346938776,49,67,0,0
794,741.1899999999999,46.324375,16,62,0,0
795,6424.58,63.60970297029703,101,25,1,1
797,1981.39,45.03159090909091,44,6,0,0
798,2632.83,69.285,38,46,1,0
799,3527.83,65.33018518518519,54,0,1,1
801,1249.31,27.762444444444444,45,19,0,0
802,2902.61,38.70146666666667,75,2,0,0
803,974.9,15.474603174603176,63,0,0,0
804,3308.84,29.54321428571429,112,0,0,1
807,3190.92,69.36782608695653,46,6,1,1
808,4376.44,74.17694915254236,59,24,1,1
810,3933.96,39.3396,100,24,0,1
811,7204.43,68.61361904761905,105,24,1,1
814,3370.3,42.6620253164557,79,53,0,1
816,2573.52,36.246760563380285,71,6,0,0
819,1032.36,16.38666666666667,63,10,0,0
820,5186.83,49.87336538461538,104,21,1,1
821,1155.06,28.17219512195122,41,31,0,0
822,2812.86,45.36870967741935,62,18,0,0
823,4404.05,68.81328125,64,17,1,1
825,7068.76,76.00817204301076,93,1,1,1
826,2656.41,88.547,30,167,1,0
827,2614.3,33.95194805194805,77,25,0,0
828,4357.28,27.57772151898734,158,7,2,1
831,2150.32,43.88408163265306,49,29,0,0
832,3150.32,75.00761904761904,42,99,1,1
837,1909.92,32.9296551724138,58,45,0,0
839,2353.1,78.43666666666667,30,205,1,0
840,15424.05,137.71473214285714,112,31,1,1
843,3110.18,46.42059701492537,67,116,0,1
844,1220.13,58.10142857142858,21,1062,3,0
845,3439.98,38.222,90,19,0,1
846,4494.48,37.45399999999999,120,18,2,1
847,4149.28,46.621123595505615,89,3,0,1
848,3305.4,60.09818181818182,55,51,1,1
849,1713.59,22.547236842105264,76,25,0,0
850,648.91,36.05055555555556,18,44,0,0
851,2573.42,42.89033333333334,60,24,0,0
852,4313.26,26.625061728395064,162,4,2,1
855,1008.95,14.013194444444444,72,2,0,0
856,6635.62,72.12630434782609,92,46,1,1
858,4121.01,25.918301886792456,159,25,2,1
859,3443.28,54.65523809523809,63,18,1,1
860,4911.94,42.71252173913043,115,11,2,1
862,392.42,32.70166666666666,12,31,0,0
863,871.38,51.25764705882353,17,14,0,0
865,6762.13,74.30912087912088,91,32,1,1
866,4849.43,59.13939024390244,82,30,1,1
868,4535.07,66.69220588235294,68,5,1,1
869,1471.74,27.254444444444445,54,52,0,0
870,4140.93,42.690000000000005,97,1,0,1
871,2888.71,22.568046875,128,2,0,0
872,4611.77,41.17651785714286,112,19,2,1
875,1724.92,59.48,29,50,0,0
876,2637.04,42.53290322580645,62,28,0,0
877,4436.05,67.2128787878788,66,2,1,1
879,1949.14,26.70054794520548,73,8,0,0
882,1613.27,32.92387755102041,49,47,0,0
884,3331.19,30.56137614678899,109,63,0,1
885,958.27,14.302537313432836,67,26,0,0
888,1852.19,48.74184210526316,38,155,0,0
890,3683.84,64.62877192982457,57,69,1,1
891,3216.27,33.157422680412374,97,2,0,1
895,2601.41,37.70159420289855,69,33,0,0
898,2013.06,30.04567164179105,67,60,0,0
900,1956.02,33.72448275862069,58,18,0,0
901,2555.34,44.83052631578948,57,25,0,0
905,7089.28,73.84666666666666,96,60,1,1
906,2992.56,37.407,80,71,0,1
908,2806.92,50.12357142857143,56,20,0,0
909,8814.87,27.20638888888889,324,8,2,1
912,1816.16,21.881445783132527,83,42,0,0
913,726.89,23.448064516129037,31,23,0,0
914,2469.58,21.854690265486724,113,14,0,0
917,1037.9,23.588636363636365,44,42,0,0
918,2441.39,40.0227868852459,61,40,0,0
920,1065.39,18.69105263157895,57,29,0,0
921,7260.38,57.16834645669292,127,5,2,1
924,2135.83,39.55240740740741,54,14,0,0
928,3045.98,49.12870967741936,62,8,0,1
931,2535.89,46.10709090909091,55,56,0,0
932,5775.41,56.071941747572815,103,9,1,1
933,1931.13,29.709692307692308,65,24,0,0
938,4151.06,41.929898989898994,99,34,0,1
939,3013.65,68.49204545454546,44,25,1,1
940,3156.16,45.74144927536232,69,13,0,1
942,6843.43,69.12555555555556,99,5,1,1
944,11186.69,131.60811764705883,85,162,1,1
946,2212.8,23.793548387096777,93,18,0,0
947,6292.26,48.77720930232558,129,13,2,1
948,2704.91,46.63637931034482,58,23,0,0
949,3686.94,55.86272727272728,66,23,1,1
951,2146.45,22.594210526315788,95,4,0,0
952,5337.46,102.64346153846154,52,11,1,1
954,5528.06,41.254179104477615,134,57,2,1
957,4274.42,46.46108695652174,92,29,0,1
961,2962.23,33.28348314606742,89,18,0,0
962,1221.25,28.40116279069768,43,17,0,0
963,1122.78,124.75333333333332,9,37,1,0
964,1533.59,22.552794117647057,68,13,0,0
970,4439.35,40.35772727272728,110,32,0,1
972,6043.88,46.49138461538462,130,21,2,1
973,2003.04,18.045405405405404,111,17,0,0
976,6824.9400000000005,48.403829787234045,141,8,2,1
977,2790.17,30.327934782608697,92,9,0,0
979,1815.05,44.26951219512195,41,37,0,0
980,2259.86,35.87079365079365,63,29,0,0
983,2849.36,41.90235294117648,68,8,0,0
984,6005.94,65.99934065934066,91,23,1,1
985,5807.88,74.46000000000001,78,13,1,1
986,1843.92,20.953636363636363,88,14,0,0
987,6867.24,34.165373134328355,201,10,2,1
988,3081.4700000000003,62.88714285714286,49,14,1,1
989,10779.31,128.32511904761904,84,1,1,1
990,1472.46,25.387241379310343,58,10,0,0
992,3879.34,59.682153846153845,65,72,1,1
994,1510.34,24.75967213114754,61,1,0,0
996,7676.22,65.05271186440679,118,21,2,1
997,6418.27,28.525644444444445,225,8,2,1
1002,1514.96,58.26769230769231,26,49,0,0
1003,4429.71,79.10196428571429,56,0,1,1
1006,3051.77,41.805068493150685,73,72,0,1
1008,1395.67,11.82771186440678,118,5,0,0
1009,990.95,23.594047619047625,42,45,0,0
1012,911.23,50.623888888888885,18,28,0,0
1016,419.65,34.97083333333333,12,200,0,0
1018,6049.14,43.5189928057554,139,15,2,1
1019,2444.7,36.48805970149253,67,27,0,0
1020,5374.04,46.730782608695655,115,0,2,1
1022,5926.09,68.90802325581396,86,4,1,1
1024,2844.85,23.906302521008403,119,11,0,0
1026,2340.85,30.010897435897437,78,39,0,0
1027,4042.54,70.92175438596492,57,26,1,1
1028,6077.67,59.585,102,9,1,1
1029,2403.62,48.0724,50,9,0,0
1030,2372.34,26.359333333333336,90,36,0,0
1031,3772.75,72.55288461538461,52,68,1,1
1034,5811.42,56.42155339805825,103,8,1,1
1039,4741.77,37.63309523809525,126,17,2,1
1041,1369.36,21.73587301587302,63,2,0,0
1046,3599.17,25.893309352517985,139,22,2,1
1047,2752.5,43.69047619047619,63,20,0,0
1048,2885.96,38.47946666666667,75,23,0,0
1050,4263.83,34.38572580645161,124,9,2,1
1052,4682.16,53.20636363636363,88,17,1,1
1053,6288.1,67.61397849462367,93,39,1,1
1054,2929.85,43.72910447761194,67,44,0,0
1058,4220.77,39.81858490566038,106,37,0,1
1060,3858.03,52.84972602739726,73,80,1,1
1063,5547.48,46.229,120,0,2,1
1066,10331.1,74.32446043165469,139,0,2,1
1067,3286.25,29.875,110,20,0,1
1069,4391.66,45.27484536082474,97,3,0,1
1070,3027.85,42.64577464788732,71,66,0,1
1072,4126.22,44.36795698924731,93,60,0,1
1073,3188.92,40.36607594936709,79,6,0,1
1074,1331.2,44.373333333333335,30,2,0,0
1075,4896.64,30.604000000000003,160,13,2,1
1076,1932.22,30.1909375,64,16,0,0
1077,4521.55,26.59735294117647,170,2,2,1
1078,4075.2,47.3860465116279,86,25,0,1
1079,6295.81,62.9581,100,4,1,1
1080,3414.32,31.909532710280374,107,15,0,1
1081,5470.66,38.25636363636364,143,26,2,1
1082,2536.01,46.96314814814815,54,68,0,0
1083,7721.39,44.12222857142857,175,35,2,1
1084,5249.06,55.84106382978724,94,19,1,1
1086,4431.1,94.27872340425532,47,93,1,1
1087,2118.62,29.02219178082192,73,38,0,0
1088,3063.99,61.2798,50,51,1,1
1089,4472.87,67.77075757575757,66,16,1,1
1091,1939.1,36.58679245283019,53,6,0,0
1094,2114.76,50.35142857142858,42,110,0,0
1095,1864.8,41.44,45,60,0,0
1096,7150.37,50.00258741258741,143,37,2,1
1097,1825.51,28.52359375,64,66,0,0
1098,11615.81,29.25896725440806,397,0,2,1
1100,4541.84,58.984935064935065,77,3,1,1
1102,10331.67,68.8778,150,5,2,1
1103,4435.22,43.06038834951457,103,42,0,1
1104,5347.3,49.97476635514019,107,44,2,1
1105,6890.58,65.00547169811321,106,70,1,1
1106,1943.34,23.135,84,5,0,0
1107,2316.59,27.57845238095238,84,16,0,0
1114,2213.3,31.17323943661972,71,39,0,0
1115,6540.31,62.28866666666666,105,36,1,1
1116,6379.4,51.44677419354839,124,1,2,1
1117,8356.92,83.5692,100,0,1,1
1118,1484.32,78.12210526315789,19,10,1,0
1121,3033.32,28.888761904761907,105,32,0,1
1123,1763.02,26.31373134328358,67,5,0,0
1125,79.38999999999999,39.69499999999999,2,132,0,0
1127,3866.8,29.07368421052632,133,31,2,1
1128,1453.08,21.368823529411763,68,203,0,0
1129,5328.11,53.81929292929293,99,4,1,1
1130,5756.85,46.80365853658537,123,15,2,1
1131,5207.84,81.3725,64,54,1,1
1133,2317.98,33.59391304347826,69,84,0,0
1135,5227.43,43.92798319327731,119,12,2,1
1137,1833.73,35.95549019607843,51,0,0,0
1138,3682.72,28.548217054263564,129,32,0,1
1140,3684.88,42.354942528735634,87,4,0,1
1141,1650.64,20.89417721518987,79,93,0,0
1142,3079.09,54.019122807017546,57,4,1,1
1144,4920.71,29.64283132530121,166,14,2,1
1145,4792.76,38.03777777777778,126,2,2,1
1147,8932.619999999999,49.08032967032967,182,0,2,1
1148,2425.17,36.745000000000005,66,10,0,0
1150,4662.53,40.19422413793103,116,38,2,1
1151,738.5799999999999,12.518305084745762,59,49,0,0
1153,511.63,14.618,35,263,0,0
1155,5226.17,49.30349056603774,106,5,2,1
1156,6630.52,80.86,82,38,1,1
1163,2732.45,60.72111111111111,45,55,1,0
1164,9266.21,132.37442857142855,70,11,1,1
1166,1793.5,10.612426035502958,169,2,0,0
1168,11550.15,48.53004201680672,238,9,2,1
1169,9161.38,42.024678899082566,218,5,2,1
1170,2132.09,40.228113207547175,53,39,0,0
1171,2747.91,65.42642857142857,42,142,1,0
1173,4096.6900000000005,62.07106060606061,66,3,1,1
1176,6216.79,49.73432,125,1,2,1
1177,3713.38,39.92881720430108,93,17,0,1
1179,2052.22,37.3130909090909,55,14,0,0
1180,3373.66,56.22766666666666,60,46,1,1
1181,3047.79,46.88907692307692,65,35,0,1
1183,2128.13,38.69327272727273,55,16,0,0
1184,3320.19,45.48205479452055,73,4,0,1
1187,997.26,32.16967741935484,31,93,0,0
1189,2330.26,38.20098360655738,61,15,0,0
1190,7787.57,43.50597765363128,179,9,2,1
1192,1233.37,22.840185185185184,54,146,0,0
1193,3036.14,33.00152173913043,92,38,0,1
1194,2956.66,29.86525252525252,99,0,0,0
1195,4598.67,43.79685714285714,105,25,0,1
1196,3660.8,61.013333333333335,60,10,1,1
1198,4899.9,39.1992,125,0,2,1
1201,3293.77,59.88672727272727,55,7,1,1
1202,725.01,10.507391304347824,69,71,0,0
1203,587.0500000000001,18.3453125,32,30,0,0
1204,3237.1,67.43958333333333,48,23,1,1
1207,6566.0,63.74757281553398,103,14,1,1
1208,2402.14,32.02853333333333,75,15,0,0
1209,7757.18,51.37205298013245,151,6,2,1
1210,2533.57,37.8144776119403,67,20,0,0
1211,2218.9,37.60847457627119,59,12,0,0
1213,3271.28,61.7222641509434,53,35,1,1
1214,3969.5,49.61875,80,103,1,1
1217,2761.62,60.03521739130434,46,65,1,0
1219,4106.12,50.69283950617284,81,30,1,1
1221,1847.78,26.396857142857144,70,22,0,0
1222,2167.45,23.305913978494623,93,67,0,0
1223,109.82,36.60666666666666,3,2006,3,0
1224,3669.7,26.40071942446043,139,33,2,1
1225,5395.67,50.426822429906544,107,13,2,1
1226,3139.76,53.21627118644067,59,20,1,1
1227,2821.22,32.80488372093023,86,0,0,0
1228,4744.68,52.13934065934066,91,30,1,1
1229,4174.1,51.5320987654321,81,17,1,1
1234,1656.97,16.907857142857143,98,8,0,0
1236,2181.93,21.183786407766988,103,2,0,0
1237,5439.2,26.27632850241546,207,19,2,1
1238,10732.36,130.88243902439024,82,49,1,1
1239,1644.82,19.81710843373494,83,12,0,0
1240,3188.51,47.58970149253732,67,15,0,1
1241,9442.47,86.62816513761467,109,13,1,1
1242,2640.34,46.32175438596492,57,1,0,0
1243,6101.2300000000005,83.57849315068493,73,29,1,1
1245,2776.51,29.226421052631576,95,30,0,0
1246,2602.95,38.27867647058823,68,20,0,0
1247,5108.87,68.11826666666667,75,62,1,1
1248,1929.83,32.70898305084746,59,6,0,0
1250,2219.12,22.877525773195877,97,40,0,0
1251,2100.59,24.14471264367816,87,12,0,0
1253,7589.55,50.93657718120806,149,2,2,1
1254,684.9200000000001,14.269166666666669,48,46,0,0
1256,4280.4,29.31780821917808,146,12,2,1
1257,1735.03,36.91553191489361,47,0,0,0
1258,2694.79,30.278539325842697,89,16,0,0
1259,7606.519999999999,77.61755102040816,98,12,1,1
1260,338.74,14.114166666666668,24,18,0,0
1261,3145.82,49.1534375,64,26,0,1
1262,1319.43,14.993522727272728,88,31,0,0
1263,2577.77,49.5725,52,7,0,0
1266,1284.8,21.41333333333333,60,42,0,0
1267,3456.77,72.01604166666667,48,2,1,1
1268,1694.05,36.0436170212766,47,56,0,0
1269,4487.62,43.99627450980392,102,9,0,1
1274,7823.95,64.66074380165288,121,14,2,1
1276,4823.28,104.85391304347826,46,4,1,1
1279,3646.91,32.56169642857143,112,39,0,1
1281,831.72,24.462352941176476,34,10,0,0
1282,1966.46,35.11535714285714,56,2,0,0
1283,4125.22,55.74621621621622,74,25,1,1
1284,3480.13,57.05131147540984,61,16,1,1
1285,8338.75,96.96220930232558,86,22,1,1
1286,5628.71,52.604766355140185,107,8,2,1
1288,3021.81,38.25075949367088,79,27,0,1
1289,301.5,12.5625,24,36,0,0
1291,3698.6,62.68813559322034,59,79,1,1
1293,3788.89,39.46760416666667,96,4,0,1
1294,4998.13,55.53477777777778,90,33,1,1
1295,6439.38,39.505398773006135,163,4,2,1
1296,4821.14,30.32163522012579,159,4,2,1
1298,1702.82,30.960363636363635,55,11,0,0
1299,2767.64,48.55508771929824,57,13,0,0
1300,2944.2,29.150495049504947,101,26,0,0
1301,2088.11,63.27606060606061,33,11,1,0
1302,4363.04,55.22835443037975,79,7,1,1
1303,1990.76,79.6304,25,227,1,0
1305,2820.83,38.11932432432432,74,31,0,0
1307,6222.42,84.08675675675676,74,17,1,1
1313,3454.79,33.21913461538462,104,2,0,1
1314,5891.63,37.766858974358975,156,2,2,1
1315,1588.33,16.207448979591835,98,0,0,0
1317,1444.97,21.89348484848485,66,67,0,0
1323,4862.65,57.207647058823525,85,30,1,1
1324,3749.07,55.133382352941176,68,22,1,1
1326,4584.39,68.42373134328359,67,1,1,1
1330,6143.46,38.63811320754717,159,29,2,1
1331,420.42,7.007000000000001,60,9,0,0
1332,2514.22,50.2844,50,14,0,0
1334,2818.6,47.7728813559322,59,9,0,0
1335,3252.93,65.0586,50,51,1,1
1340,16702.44,98.24964705882353,170,4,2,1
1341,4385.17,37.80318965517242,116,30,2,1
1344,4028.28,43.78565217391304,92,45,0,1
1345,2804.29,38.414931506849314,73,49,0,0
1347,1531.9,52.82413793103448,29,0,0,0
1348,783.37,9.108953488372093,86,35,0,0
1352,1300.49,26.54061224489796,49,68,0,0
1353,2726.61,58.01297872340426,47,14,1,0
1356,2539.55,37.34632352941177,68,121,0,0
1357,2108.9,20.67549019607843,102,14,0,0
1358,746.18,20.167027027027025,37,28,0,0
1360,843.98,28.13266666666667,30,110,0,0
1361,1814.71,24.19613333333333,75,45,0,0
1362,3053.26,50.88766666666667,60,67,0,1
1364,232.93,10.127391304347826,23,147,0,0
1366,1185.84,38.25290322580645,31,36,0,0
1367,1790.47,27.97609375,64,16,0,0
1369,3461.64,24.90388489208633,139,0,2,1
1370,4854.04,67.41722222222222,72,7,1,1
1371,2538.64,33.40315789473684,76,12,0,0
1376,4084.29,45.381,90,29,0,1
1378,3354.99,33.5499,100,17,0,1
1379,3437.03,29.62956896551724,116,12,0,1
1381,4016.3,31.134108527131783,129,2,2,1
1382,4102.87,23.85389534883721,172,8,2,1
1383,3976.45,50.9801282051282,78,8,1,1
1384,4120.52,58.03549295774648,71,39,1,1
1385,8161.46,76.27532710280374,107,34,1,1
1391,5766.7,36.041875,160,21,2,1
1393,3257.56,34.29010526315789,95,45,0,1
1394,4534.7,48.24148936170213,94,0,1,1
1397,2638.63,36.64763888888889,72,22,0,0
1398,8482.34,58.09821917808219,146,4,2,1
1403,9648.03,63.47388157894737,152,12,2,1
1404,1141.02,27.167142857142856,42,0,0,0
1405,5822.22,66.92206896551724,87,3,1,1
1406,1834.09,32.17701754385965,57,16,0,0
1407,6484.96,43.233066666666666,150,18,2,1
1411,4922.49,55.93738636363637,88,23,1,1
1412,5558.69,48.76043859649123,114,20,2,1
1413,2456.72,26.996923076923075,91,4,0,0
1416,4176.8,54.24415584415585,77,12,1,1
1417,6446.86,81.60582278481012,79,31,1,1
1421,1627.39,56.11689655172414,29,69,0,0
1422,2008.6,25.1075,80,3,0,0
1424,832.09,8.404949494949495,99,11,0,0
1425,3155.9,34.68021978021978,91,26,0,1
1427,5786.77,107.1624074074074,54,6,1,1
1428,813.83,6.725867768595042,121,0,0,0
1429,2387.55,40.46694915254238,59,32,0,0
1430,3021.31,55.950185185185184,54,53,1,1
1432,5439.33,44.58467213114754,122,12,2,1
1433,3489.78,34.55227722772277,101,10,0,1
1434,1463.41,39.55162162162162,37,39,0,0
1435,4670.13,42.45572727272727,110,21,2,1
1437,2812.84,21.309393939393946,132,0,0,0
1439,1728.7,23.36081081081081,74,19,0,0
1442,3098.02,32.95765957446808,94,20,0,1
1443,4791.19,49.39371134020618,97,1,1,1
1444,8956.42,81.422,110,33,1,1
1445,2633.83,22.90286956521739,115,2,0,0
1446,972.83,33.54586206896552,29,51,0,0
1448,4215.66,36.03128205128205,117,1,2,1
1449,2955.2000000000003,39.40266666666667,75,48,0,0
1451,6888.12,43.32150943396226,159,10,2,1
1452,5170.889999999999,29.04994382022472,178,1,2,1
1453,2804.24,20.61941176470588,136,6,0,0
1455,1758.53,22.25987341772152,79,6,0,0
1456,6995.12,69.9512,100,21,1,1
1458,2606.7,59.24318181818182,44,95,1,0
1459,3304.97,19.9094578313253,166,11,2,1
1461,3481.12,31.08142857142857,112,23,0,1
1463,4335.27,30.53007042253521,142,13,2,1
1464,3597.29,60.97101694915254,59,65,1,1
1466,3461.8,29.337288135593223,118,84,0,1
1467,2081.59,36.519122807017546,57,17,0,0
1470,801.47,23.57264705882353,34,22,0,0
1471,2869.11,45.541428571428575,63,29,0,0
1473,762.87,18.606585365853658,41,20,0,0
1475,3762.51,23.082883435582826,163,4,2,1
1477,2012.25,32.98770491803279,61,45,0,0
1478,2454.55,35.573188405797104,69,25,0,0
1479,1036.76,24.110697674418603,43,0,0,0
1482,4610.41,57.630125,80,21,1,1
1484,5203.82,43.72957983193277,119,4,2,1
1485,3889.4,48.6175,80,3,1,1
1486,691.57,16.867560975609756,41,79,0,0
1487,7969.14,75.18056603773586,106,0,1,1
1488,2238.26,31.524788732394363,71,35,0,0
1490,2478.16,29.50190476190476,84,2,0,0
1492,3799.44,36.88776699029126,103,8,0,1
1493,4741.54,86.20981818181818,55,0,1,1
1494,446.84,27.9275,16,24,0,0
1495,5250.25,63.256024096385545,83,8,1,1
1497,2899.51,39.71931506849315,73,0,0,0
1498,3808.95,56.01397058823529,68,54,1,1
1499,790.92,32.955,24,79,0,0
1500,4317.4800000000005,49.62620689655173,87,12,1,1
1503,2037.04,36.37571428571429,56,2,0,0
1504,1289.65,25.287254901960782,51,39,0,0
1507,1370.86,27.4172,50,88,0,0
1508,1719.04,32.43471698113208,53,45,0,0
1509,2339.94,27.52870588235294,85,20,0,0
1510,1473.62,66.98272727272727,22,842,3,0
1511,3528.9100000000003,41.51658823529412,85,16,0,1
1512,3370.13,34.38908163265306,98,36,0,1
1513,4129.55,37.88577981651376,109,10,0,1
1514,1649.36,31.12,53,7,0,0
1515,3175.87,44.73056338028169,71,32,0,1
1516,4868.58,38.94864,125,25,2,1
1517,4373.32,55.358481012658224,79,2,1,1
1518,1966.65,37.1066037735849,53,40,0,0
1519,2670.7,32.971604938271604,81,5,0,0
1520,7273.81,59.62139344262295,122,3,2,1
1521,1760.47,40.94116279069768,43,12,0,0
1523,655.63,9.93378787878788,66,7,0,0
1525,1815.41,24.205466666666663,75,31,0,0
1526,616.32,21.25241379310345,29,39,0,0
1528,9801.83,53.56191256830601,183,42,2,1
1529,5504.58,35.97764705882353,153,56,2,1
1530,276.8,9.544827586206896,29,30,0,0
1531,1583.5,25.13492063492064,63,29,0,0
1533,4978.12,63.01417721518988,79,24,1,1
1534,9861.12,59.04862275449102,167,0,2,1
1535,1846.16,30.769333333333336,60,14,0,0
1538,4063.32,39.07038461538462,104,7,0,1
1540,5463.12,32.326153846153844,169,21,2,1
1541,3071.42,26.251452991452997,117,42,0,1
1542,1331.27,28.940652173913044,46,148,0,0
1543,11427.95,72.78949044585988,157,13,2,1
1544,1999.66,48.77219512195122,41,4,0,0
1546,2866.36,38.7345945945946,74,24,0,0
1549,2767.69,58.88702127659575,47,27,1,0
1551,7700.19,77.77969696969697,99,42,1,1
1552,4757.55,93.28529411764708,51,123,1,1
1555,533.8,31.4,17,124,0,0
1556,2020.63,38.12509433962264,53,1,0,0
1557,2208.38,53.8629268292683,41,14,0,0
1558,6596.09,65.9609,100,32,1,1
1559,6415.82,26.511652892561983,242,9,2,1
1560,1263.69,31.59225,40,9,0,0
1561,5352.28,75.38422535211268,71,8,1,1
1562,1379.0,28.142857142857142,49,29,0,0
1563,3553.16,27.332,130,24,0,1
1564,2849.4,43.83692307692308,65,23,0,0
1567,7015.07,76.25076086956521,92,22,1,1
1568,5184.09,67.32584415584415,77,0,1,1
1569,2299.2,32.84571428571428,70,81,0,0
1571,2383.77,54.17659090909091,44,111,0,0
1575,10526.59,52.371094527363184,201,17,2,1
1576,4490.47,45.8211224489796,98,15,1,1
1577,5609.6900000000005,101.99436363636364,55,2,1,1
1579,2157.85,34.80403225806452,62,26,0,0
1581,2395.63,19.476666666666667,123,1,0,0
1583,842.75,14.530172413793103,58,28,0,0
1584,1811.55,67.09444444444445,27,34,1,0
1585,1572.22,30.827843137254906,51,32,0,0
1586,4025.31,55.14123287671233,73,13,1,1
1587,9100.43,91.0043,100,8,1,1
1589,219.56,24.39555555555556,9,52,0,0
1591,5397.33,30.66664772727273,176,5,2,1
1594,713.19,17.82975,40,21,0,0
1595,10792.62,53.428811881188125,202,9,2,1
1596,5703.31,60.03484210526316,95,12,1,1
1598,952.07,29.7521875,32,37,0,0
1600,3755.51,51.44534246575343,73,0,1,1
1602,953.96,39.748333333333335,24,14,0,0
1603,3478.86,44.03620253164557,79,18,0,1
1604,2528.48,12.6424,200,8,2,0
1605,1910.36,36.04452830188679,53,46,0,0
1606,2797.0,107.57692307692308,26,144,1,0
1609,3370.41,55.25262295081967,61,68,1,1
1610,1623.89,15.920490196078433,102,17,0,0
1613,5623.36,73.03064935064934,77,59,1,1
1615,3904.55,64.00901639344262,61,50,1,1
1616,5709.08,67.16564705882352,85,19,1,1
1617,1174.65,30.11923076923077,39,784,3,0
1618,6254.6,67.98478260869565,92,12,1,1
1619,2103.7,47.81136363636363,44,58,0,0
1621,3309.73,39.87626506024096,83,13,0,1
1622,5562.6900000000005,61.80766666666667,90,38,1,1
1623,2028.54,29.83147058823529,68,34,0,0
1626,7218.27,65.62063636363636,110,47,1,1
1629,3197.06,30.44819047619048,105,9,0,1
1633,2907.28,40.947605633802816,71,10,0,0
1634,1742.46,16.284672897196263,107,8,0,0
1635,2984.48,36.39609756097561,82,1,0,1
1636,1690.52,24.86058823529412,68,61,0,0
1638,4907.51,45.43990740740741,108,5,2,1
1639,8797.34,87.9734,100,3,1,1
1640,2572.4700000000003,64.31175,40,107,1,0
1642,2393.01,24.9271875,96,8,0,0
1644,2454.65,30.683125,80,21,0,0
1645,1748.37,25.711323529411768,68,31,0,0
1646,2210.39,26.95597560975609,82,45,0,0
1648,9749.27,57.01327485380117,171,1,2,1
1649,706.25,41.544117647058826,17,160,0,0
1651,9694.82,72.89338345864661,133,26,2,1
1652,1180.06,28.781951219512194,41,1,0,0
1654,8914.92,43.48741463414634,205,2,2,1
1656,28.85,7.212499999999999,4,16,0,0
1659,8735.5,38.31359649122807,228,0,2,1
1660,898.22,21.907804878048783,41,79,0,0
1662,5419.88,54.1988,100,32,1,1
1664,3212.07,26.11439024390244,123,42,0,1
1666,3086.08,28.841869158878502,107,19,0,1
1668,6364.67,82.65805194805195,77,26,1,1
1669,2110.37,43.96604166666666,48,40,0,0
1670,1963.82,30.212615384615383,65,29,0,0
1671,1770.32,45.392820512820514,39,58,0,0
1672,518.56,16.205,32,52,0,0
1674,1238.22,38.694375,32,25,0,0
1675,3476.05,57.93416666666667,60,4,1,1
1676,3207.72,43.347567567567566,74,18,0,1
1677,4739.83,59.997848101265824,79,5,1,1
1678,2817.0,48.56896551724138,58,8,0,0
1682,2787.96,43.561875,64,37,0,0
1684,3433.96,30.660357142857144,112,11,0,1
1685,1704.74,29.907719298245613,57,38,0,0
1686,16192.84,107.23735099337748,151,14,2,1
1687,5155.52,37.090071942446045,139,13,2,1
1692,11688.01,69.98808383233533,167,2,2,1
1693,3763.68,53.76685714285714,70,42,1,1
1694,5783.19,79.2217808219178,73,49,1,1
1695,3350.42,72.83521739130435,46,36,1,1
1696,8554.92,31.92134328358209,268,24,2,1
1697,2108.45,31.469402985074623,67,73,0,0
1699,6857.01,58.11025423728814,118,3,2,1
1700,1945.38,38.14470588235295,51,3,0,0
1702,2339.97,32.499583333333334,72,5,0,0
1703,4651.77,37.21416000000001,125,34,2,1
1709,1408.37,32.75279069767441,43,122,0,0
1710,2785.64,50.648,55,42,0,0
1712,4377.87,32.428666666666665,135,13,2,1
1717,6542.69,46.07528169014084,142,8,2,1
1718,6464.4800000000005,36.73,176,2,2,1
1719,2205.91,32.43985294117647,68,24,0,0
1720,5329.53,81.99276923076923,65,3,1,1
1723,2915.65,55.0122641509434,53,19,1,0
1725,3651.26,47.41896103896104,77,3,0,1
1727,5293.16,23.736143497757848,223,2,2,1
1728,1927.31,60.2284375,32,286,1,0
1730,2261.92,32.78144927536232,69,29,0,0
1731,2335.35,58.38375,40,48,1,0
1733,3528.83,52.66910447761194,67,2,1,1
1735,1792.28,23.27636363636364,77,69,0,0
1736,3877.09,22.54122093023256,172,22,2,1
1737,1229.48,16.842191780821917,73,10,0,0
1740,996.72,45.30545454545455,22,1656,3,0
1741,5195.57,63.36060975609756,82,19,1,1
1742,2375.78,34.431594202898545,69,25,0,0
1744,1169.14,36.535625,32,30,0,0
1746,4452.9800000000005,98.95511111111112,45,134,1,1
1749,1175.44,40.53241379310345,29,110,0,0
1750,5232.44,74.74914285714286,70,33,1,1
1752,2739.16,20.59518796992481,133,11,0,0
1753,2634.17,39.91166666666667,66,97,0,0
1755,2624.03,23.017807017543863,114,3,0,0
1756,3745.06,63.47559322033898,59,62,1,1
1757,1113.73,15.256575342465752,73,5,0,0
1758,3147.93,26.90538461538461,117,17,0,1
1759,5022.12,39.2353125,128,8,2,1
1762,341.33,113.77666666666666,3,60,1,0
1763,2583.59,32.294875000000005,80,0,0,0
1764,2558.16,55.61217391304348,46,19,1,0
1765,4328.79,74.63431034482758,58,9,1,1
1766,1019.82,32.89741935483871,31,62,0,0
1769,4569.72,36.26761904761905,126,23,2,1
1770,1720.67,31.86425925925926,54,9,0,0
1771,2895.28,28.385098039215684,102,39,0,0
1772,3709.09,28.53146153846154,130,7,0,1
1774,1652.21,26.64854838709677,62,18,0,0
1775,507.04,22.045217391304345,23,2,0,0
1776,8454.619999999999,29.254740484429064,289,2,2,1
1777,5680.35,48.1385593220339,118,27,2,1
1779,2576.18,27.40617021276596,94,3,0,0
1781,248.86,4.608518518518518,54,59,0,0
1782,694.77,11.205967741935485,62,87,0,0
1783,1902.66,21.140666666666668,90,0,0,0
1785,1450.28,32.22844444444444,45,112,0,0
1786,2016.28,13.623513513513512,148,4,0,0
1787,5748.17,52.25609090909091,110,3,2,1
1788,2138.56,19.80148148148148,108,4,0,0
1789,3386.62,49.08144927536232,69,9,0,1
1791,1420.53,35.51325,40,21,0,0
1793,316.16,13.173333333333332,24,29,0,0
1794,3483.04,58.050666666666665,60,18,1,1
1797,9190.4,43.76380952380952,210,12,2,1
1799,4129.26,32.00976744186047,129,3,2,1
1802,8914.11,65.54492647058824,136,16,2,1
1805,2185.85,29.943150684931503,73,0,0,0
1807,6826.57,51.71643939393939,132,1,2,1
1808,2561.38,53.36208333333334,48,0,0,0
1809,5824.18,42.51226277372263,137,5,2,1
1810,2281.64,36.80064516129032,62,10,0,0
1811,9812.16,65.4144,150,18,2,1
1812,8091.35,94.08546511627908,86,22,1,1
1813,4179.48,58.048333333333325,72,27,1,1
1815,3140.41,43.01931506849315,73,22,0,1
1816,2077.78,39.95730769230769,52,59,0,0
1817,9385.35,65.63181818181819,143,8,2,1
1818,5670.1,45.726612903225806,124,12,2,1
1820,1684.01,52.6253125,32,136,0,0
1823,5046.46,80.10253968253969,63,5,1,1
1825,3269.52,27.020826446280992,121,40,0,1
1826,672.27,12.68433962264151,53,18,0,0
1827,5250.15,64.81666666666666,81,29,1,1
1830,3500.23,35.716632653061225,98,0,0,1
1833,169.35,28.225,6,168,0,0
1834,2392.73,41.97771929824562,57,30,0,0
1837,3856.92,51.4256,75,2,1,1
1840,2440.87,24.655252525252525,99,4,0,0
1842,5151.87,52.03909090909091,99,3,1,1
1843,6636.58,38.584767441860464,172,6,2,1
1844,2663.32,39.1664705882353,68,27,0,0
1846,2105.01,41.27470588235294,51,6,0,0
1849,4561.11,39.66182608695652,115,15,2,1
1851,3761.45,76.7642857142857,49,47,1,1
1852,5290.8,35.99183673469388,147,23,2,1
1853,1246.83,22.66963636363636,55,98,0,0
1854,1965.4,72.7925925925926,27,33,1,0
1855,3754.99,49.40776315789474,76,5,1,1
1856,2192.71,30.037123287671232,73,17,0,0
1857,6776.54,67.7654,100,76,1,1
1858,1322.66,20.99460317460317,63,22,0,0
1859,2155.82,27.63871794871795,78,4,0,0
1861,6042.71,74.60135802469136,81,16,1,1
1863,4035.62,64.05746031746031,63,30,1,1
1871,2533.9,56.30888888888889,45,87,1,0
1872,2650.13,33.54594936708861,79,86,0,0
1873,6965.0,42.46951219512195,164,3,2,1
1874,2644.1,37.77285714285714,70,3,0,0
1875,4917.35,78.05317460317461,63,13,1,1
1876,1979.36,82.47333333333334,24,174,1,0
1877,7270.13,71.98148514851485,101,2,1,1
1879,1933.8,74.37692307692308,26,151,1,0
1880,3235.75,40.95886075949367,79,21,0,1
1881,2202.71,21.809009900990095,101,38,0,0
1882,2979.79,67.7225,44,17,1,0
1885,8378.43,51.08798780487805,164,2,2,1
1888,14327.71,43.41730303030303,330,19,2,1
1891,1882.72,28.526060606060607,66,24,0,0
1895,2164.06,32.29940298507463,67,37,0,0
1896,2387.29,26.233956043956045,91,5,0,0
1897,6025.37,48.5916935483871,124,24,2,1
1898,4054.12,49.440487804878046,82,66,1,1
1899,1383.08,26.597692307692306,52,47,0,0
1901,1910.81,20.76967391304348,92,19,0,0
1902,3122.47,46.604029850746265,67,6,0,1
1903,3763.84,35.507924528301885,106,2,0,1
1904,4390.99,27.10487654320988,162,7,2,1
1905,695.91,31.632272727272724,22,139,0,0
1908,8790.87,82.15766355140188,107,4,1,1
1909,3022.52,21.90231884057971,138,54,0,1
1910,5627.31,36.77980392156863,153,14,2,1
1913,3293.77,36.19527472527472,91,21,0,1
1915,8161.87,67.45347107438016,121,11,2,1
1916,2160.54,34.294285714285714,63,3,0,0
1917,5103.34,54.87462365591398,93,27,1,1
1918,3009.84,49.3416393442623,61,37,0,1
1919,5585.27,60.70945652173913,92,40,1,1
1920,7074.6,52.7955223880597,134,13,2,1
1921,2028.47,35.58719298245614,57,59,0,0
1923,2248.16,30.79671232876712,73,2,0,0
1926,1743.45,22.642207792207792,77,2,0,0
1928,4199.71,56.75283783783784,74,5,1,1
1931,6185.54,60.05378640776699,103,32,1,1
1936,3384.68,44.53526315789473,76,5,0,1
1937,4671.19,61.46302631578947,76,6,1,1
1940,1994.3,27.31917808219178,73,2,0,0
1941,2820.83,19.865,142,16,0,0
1942,447.59,9.946444444444444,45,13,0,0
1944,2825.19,34.45353658536585,82,120,0,0
1945,742.05,18.55125,40,55,0,0
1946,2517.29,35.45478873239436,71,46,0,0
1954,2820.83,78.35638888888889,36,1,1,0
1955,4369.7,41.61619047619048,105,6,0,1
1956,1899.9,35.18333333333334,54,20,0,0
1957,2701.79,84.4309375,32,1020,3,0
1958,2989.87,45.998,65,49,0,1
1959,2265.77,83.91740740740741,27,61,1,0
1962,3274.21,40.927625,80,0,0,1
1963,10243.79,28.29776243093923,362,4,2,1
1964,3305.82,40.812592592592594,81,24,0,1
1966,4523.4,25.13,180,2,2,1
1967,3296.51,32.00495145631068,103,22,0,1
1969,6774.31,50.93466165413533,133,2,2,1
1971,2035.8,30.38507462686567,67,114,0,0
1972,1055.05,18.84017857142857,56,202,0,0
1973,2903.52,74.44923076923077,39,32,1,0
1975,2854.19,41.36507246376812,69,10,0,0
1976,5631.45,66.25235294117647,85,0,1,1
1977,2727.93,27.836020408163265,98,8,0,0
1979,2136.92,59.35888888888889,36,9,1,0
1980,2023.81,61.32757575757576,33,0,1,0
1981,1378.24,38.284444444444446,36,52,0,0
1983,4689.12,48.845,96,21,1,1
1985,1665.79,10.476666666666668,159,4,0,0
1986,3058.95,52.74051724137931,58,3,0,1
1987,2746.95,51.829245283018864,53,271,0,0
1988,8936.3,76.37863247863247,117,40,2,1
1989,9514.14,80.62830508474576,118,5,2,1
1992,3422.9,29.507758620689657,116,15,0,1
1993,5669.82,65.92813953488371,86,53,1,1
1994,2777.13,39.67328571428572,70,49,0,0
1995,4557.05,46.50051020408164,98,1,1,1
1996,2704.61,38.63728571428572,70,18,0,0
1997,4741.88,55.13813953488372,86,74,1,1
1998,216.9,5.862162162162162,37,224,0,0
